{"A": [0.4671695579100137, 0.006895779666435564, 0.006756731198248156], "B": [0.0016794063346976622, 0.0004270017137716713, 0.00034702787440991597]}