{"A": [0.4589990315457648, 0.008885192417145138, 0.00909703792217148], "B": [0.013928796895815644, 0.0005404520640118933, 0.0005420300375705359]}