{"A": [0.4916308350636839, 0.009875099953562338, 0.009972394156486764], "B": [0.016878343173102023, 0.0005272988761709126, 0.0005284553415474021]}