{"A": [0.47261266693900195, 0.007326538887271139, 0.007598608661374684], "B": [0.003982085497809016, 0.00033776594909475663, 0.0003254634365839849]}