{"ra": [-87.31504961168632, -87.31695302631215], "dec": [-26.150589022160002, -26.149988118555893], "peak": [7.690320376952638e-05, 7.721765178756792e-05], "rms": [2.028730887104757e-05, 2.028730887104757e-05], "ra_beam": [0.0018000998613744174, 0.0018000998613744174], "dec_beam": [0.002225155049130655, 0.002225155049130655]}