{"ra": [-87.31570842003885], "dec": [-26.150470307146346], "peak": [9.141760182248067e-05], "rms": [2.0430665244930424e-05], "ra_beam": [0.0017776425393556388], "dec_beam": [0.0022724417023103948]}