{"ra": [-87.3155808818154], "dec": [-26.150309449119852], "peak": [0.00014976904629367715], "rms": [2.194376429542899e-05], "ra_beam": [0.0030453940222566925], "dec_beam": [0.0021916444425936358]}