{"ra": [-87.31525130875073], "dec": [-26.150219201596883], "peak": [0.00020863441544318213], "rms": [2.0181963918730617e-05], "ra_beam": [0.0017115465561066854], "dec_beam": [0.0022466672768700026]}