{"ra": [-87.31517875045473], "dec": [-26.150526858780584], "peak": [0.00013499853723153457], "rms": [1.960625195351895e-05], "ra_beam": [0.0017887931684366057], "dec_beam": [0.0024636356143205823]}