{"ra": [-87.3154016783709], "dec": [-26.15040269150721], "peak": [0.00011424713047354487], "rms": [9.941660209733527e-06], "ra_beam": [0.0015338321209936194], "dec_beam": [0.001906143759188932]}