{"ra": [-87.31507032164082], "dec": [-26.15030261431649], "peak": [0.00016436939641562871], "rms": [2.0327153833932243e-05], "ra_beam": [0.0025870682069246485], "dec_beam": [0.0021190879413203177]}