{"ra": [-87.31520676162819], "dec": [-26.150302034239616], "peak": [0.00018663829566154325], "rms": [1.8855773305404e-05], "ra_beam": [0.001785325273903581], "dec_beam": [0.002463436179536613]}