{"ra": [-87.31548882530436], "dec": [-26.150447441404747], "peak": [8.023976480997473e-05], "rms": [2.040130493696779e-05], "ra_beam": [0.0017959039018513687], "dec_beam": [0.0020577425473258322]}