{"ra": [-87.31522012602835], "dec": [-26.15044881639214], "peak": [0.00010224744739156989], "rms": [2.0907562429783866e-05], "ra_beam": [0.0025388702883428677], "dec_beam": [0.001990913036475579]}