{"ra": [-87.31546706206692], "dec": [-26.150384327066615], "peak": [0.00011240102496005849], "rms": [1.9537423213478178e-05], "ra_beam": [0.0016577857226138637], "dec_beam": [0.0021568364668632114]}