{"ra": [-87.31556961895555], "dec": [-26.150432846070725], "peak": [0.00014080823700998046], "rms": [2.18380919250194e-05], "ra_beam": [0.002283177173220349], "dec_beam": [0.0020676803657993753]}