{"ra": [-87.31599192451111], "dec": [-26.150214979794903], "peak": [9.262746192485133e-05], "rms": [1.9767709090956487e-05], "ra_beam": [0.0017887725232827245], "dec_beam": [0.0022659273558299164]}