{"ra": [-87.31580156217726], "dec": [-26.15001325345491], "peak": [8.156623767066169e-05], "rms": [1.9944816813222133e-05], "ra_beam": [0.0018538200420103678], "dec_beam": [0.002179678108815176]}