{"ra": [-87.31515408967914], "dec": [-26.150396820768282], "peak": [0.00014427243464381893], "rms": [1.8457158148521557e-05], "ra_beam": [0.0016748528701322548], "dec_beam": [0.002201025210985724]}