{"ra": [-87.31505949358178], "dec": [-26.150383015887392], "peak": [0.00020763326596271258], "rms": [1.9954573872382753e-05], "ra_beam": [0.001837301901915066], "dec_beam": [0.0021227263700037075]}