{"ra": [-87.31514082396136], "dec": [-26.150438327061593], "peak": [0.00012761004303111077], "rms": [1.926814547914546e-05], "ra_beam": [0.0017605249971575463], "dec_beam": [0.002102822873707134]}