{"ra": [-87.31519544523391], "dec": [-26.150456762336727], "peak": [0.00014438381922943962], "rms": [1.961950874829199e-05], "ra_beam": [0.002310898863143487], "dec_beam": [0.0020503872633663273]}