{"ra": [-87.3147245889693], "dec": [-26.15075658370035], "peak": [9.620072194113488e-05], "rms": [2.2526020984514616e-05], "ra_beam": [0.002147413397454656], "dec_beam": [0.0020408540155818613]}