{"ra": [-87.3150754809566], "dec": [-26.150216709241647], "peak": [0.00021134791234098552], "rms": [2.1355865101213567e-05], "ra_beam": [0.0016682600610161062], "dec_beam": [0.002327855687479578]}