{"ra": [-87.31555178386324], "dec": [-26.150528103506275], "peak": [7.838999306225057e-05], "rms": [9.03464388102293e-06], "ra_beam": [0.001564931818725743], "dec_beam": [0.0018780877931881541]}