{"ra": [-87.31583788253471], "dec": [-26.150483870048244], "peak": [0.00016034568127827923], "rms": [1.991722638194915e-05], "ra_beam": [0.002164581962820476], "dec_beam": [0.0027586606266705948]}