{"ra": [-87.31510127578062], "dec": [-26.150240530255715], "peak": [0.00014404622763316194], "rms": [1.9636572687886655e-05], "ra_beam": [0.0025983853052780775], "dec_beam": [0.0020793301929500495]}